,pf_ruleOfLaw,pf_securityAndSafaty,pf_movement,pf_religion,pf_association,pf_expression,pf_identity,pf_score,pf_rank,ef_government,ef_legal,ef_money,ef_trade,ef_regulation,ef_score,ef_rank,hf_score,hf_rank
0,3.8952521315609756,7.111137218658537,5.223577235731707,6.184019873487805,4.8170731707317085,6.37393885802439,4.419715447146341,5.453429796097561,133.2682926829268,6.278630365463415,4.086350970414634,7.055368010317073,5.785290274170732,6.2222950361951215,5.884878048780488,130.21951219512195,5.669153922439024,138.31707317073173
1,4.554804814173913,7.903628269086957,7.934782608695652,7.410322061195652,6.760869565217392,7.650448464978261,7.22554347823913,6.812804888652174,88.30434782608697,7.103974400956522,4.681843515021739,8.341633034717391,7.03654872226087,6.99707854997826,6.832173913043478,81.95652173913044,6.822489400826087,82.7391304347826
2,6.993709188591836,9.516714800081633,9.591836734693876,8.184293272857143,9.357142857142858,9.157113709612245,9.137755102040819,8.670420164795917,26.469387755102076,6.077378310102041,6.861081253897959,9.444264374510205,8.153769792469388,7.832350868163266,7.674489795918368,29.24489795918364,8.17245498032653,24.75510204081632
